geo_code,town,population,male_population,female_population,district,is_dimos,lat,lon,gm_id,english_name,turkish_name
1000,Λευκωσία,55014,26520,28494,Λευκωσίας,True,35.1855659,33.38227639999999,ChIJVU1JymcX3hQRpcARA5ykXls,Nicosia,Lefkoşa
1010,Άγιος Δομέτιος,12456,5861,6595,Λευκωσίας,True,35.1727869,33.3290916,ChIJqzUpSaEQ3hQRgmUX_emhREA,Agios Dometios,Aydemet
1011,Έγκωμη,18010,8547,9463,Λευκωσίας,True,35.1538229,33.3169542,ChIJtcdnJb8Q3hQR80ccwpjkIPk,Egkomi,İncirli
1012,Στροβόλος,67904,32248,35656,Λευκωσίας,True,35.1436629,33.3437909,ChIJ90x2dika3hQRq7-H2HRHAJo,Strovolos,Strovolos
1013,Αγλαντζιά,20783,9803,10980,Λευκωσίας,True,35.1498034,33.394086,ChIJb0vkuNMZ3hQR_4oSWBdFjX0,Aglantzia,Atalassa
1021,Λακατάμεια,38345,18674,19671,Λευκωσίας,True,35.1185656,33.3145382,ChIJvfpe0pgb3hQRzVO7VGoRPls,Lakatamia,Lakadamya
1022,Συνοικισμός Ανθούπολης,1756,767,989,Λευκωσίας,False,35.1139513,33.2896786,ChIJB3reYWMb3hQRdCFNyi8yBbM,Anthoupolis,Anthoupolis
1023,Λατσιά,16774,8132,8642,Λευκωσίας,True,35.1063639,33.3782668,ChIJbbBNlTcZ3hQRO3tmqqvDS3E,Latsia,Uluyurt
1024,Γέρι,8235,4065,4170,Λευκωσίας,False,35.1075703,33.422429,ChIJea8LrGAY3hQRBtiaqfqbnPM,Geri,Yeri
1100,Σιά,754,368,386,Λευκωσίας,False,34.9552892,33.3894743,ChIJyaqxJB2h4BQR4xR_8HkompQ,Sia,Sha
1101,Μαθιάτης,646,326,320,Λευκωσίας,False,34.9630255,33.3366467,ChIJW3plc8Wm4BQRY6HRtjDfXkY,Mathiatis,Matyat
1102,Αλάμπρα,1585,788,797,Λευκωσίας,False,34.9884546,33.3988433,ChIJvd1cIXmg4BQRSKeaCzuaokk,Alampra,Alampra
1103,Αγία Βαρβάρα Λευκωσίας,2204,1102,1102,Λευκωσίας,False,34.9968356,33.3694007,ChIJHytKHKOg4BQRJEAahLexqTg,Agia Varvara,Agia Varvara
1104,Κοτσιάτης,160,80,80,Λευκωσίας,False,35.0128665,33.3499895,ChIJXfhakAAe3hQRWV-sgS8mq-Y,Kotsiatis,Koçyatağı
1105,Νήσου,2179,1086,1093,Λευκωσίας,False,35.022874,33.3947933,ChIJf408cUse3hQR5sC4kmutaRI,Nisou,Dizdarköy
1106,Πέρα Χωριό,2637,1321,1316,Λευκωσίας,False,35.0145628,33.3941585,ChIJbVqEZNIf3hQRkuPAwfMYpT8,Pera Chorio,Pera Chorio
1107,Δάλι,10466,5246,5220,Λευκωσίας,True,35.0195632,33.4192946,ChIJR1-vP5kf3hQRXYhk8d37OYU,Dali,Dali
1108,Λύμπια,2694,1384,1310,Λευκωσίας,False,34.9936909,33.4593569,ChIJk0dHKUQg3hQR3p4XYnTbcfs,Lympia,Limya
1109,Λυθροδόντας,3043,1564,1479,Λευκωσίας,False,34.9506716,33.2950563,ChIJeUSttX6m4BQRPabXkaXuzYo,Lythrodontas,Lythrodontas
1110,Λουρουκίνα,11,6,5,Λευκωσίας,False,35.0175999,33.466379,ChIJ2yNfV0sg3hQR4PG_cIx5amI,Louroukina,Akıncılar
1120,Ποταμιά,505,257,248,Λευκωσίας,False,35.042813,33.4456716,ChIJXYFX2-Yh3hQR1C6c6CBC-Uw,Potamia,Potamia
1121,Άγιος Σωζόμενος,11,10,1,Λευκωσίας,False,35.0646628,33.4398281,ChIJfX30_akY3hQRy4cPwVmnOIA,Agios Sozomenos,Arpalık
1200,Καμπί,97,47,50,Λευκωσίας,False,34.9080634,33.1288812,ChIJzVZYgWOy4BQRwoUE4ku9AW8,Kampi,Kampi
1201,Φαρμακάς,480,239,241,Λευκωσίας,False,34.9112924,33.1343514,ChIJ-bk_kXCy4BQRGQXzl7Au-vc,Farmakas,Farmakas
1202,Απλίκι,87,43,44,Λευκωσίας,False,34.9318078,33.1186243,ChIJZxUDz3ut4BQRWeR3hCyfR4A,Apliki,Apliki
1203,Λαζανιάς,39,33,6,Λευκωσίας,False,34.9487288,33.1742979,ChIJbRUs1Yau4BQRfI911c-N-mM,Lazanias,Lazanias
1204,Γούρρη,196,94,102,Λευκωσίας,False,34.9575257,33.1584404,ChIJ56t8bTKs4BQR3yEzdC9030U,Gourri,Gourri
1205,Φικάρδου,15,7,8,Λευκωσίας,False,34.9591986,33.1712295,ChIJyT25BZ2u4BQRNNKmSlgdxw0,Phicardou,Phicardou
1206,Άγιος Επιφάνιος Ορεινής,412,203,209,Λευκωσίας,False,34.9961577,33.1203351,ChIJ77Xn7Yas4BQR2hnPjL-M-sM,Agios Epifanios,Agios Epifanios
1207,Καλό Χωριό Ορεινής,734,359,375,Λευκωσίας,False,35.0057783,33.1622181,ChIJ84ahLdyr4BQRZpTIu6SjFt0,Kalo Chorio,Kalo Chorio
1208,Μαλούντα,490,251,239,Λευκωσίας,False,35.0363735,33.1827657,ChIJ1a-zTJCp4BQRxQkH4DF5wu8,Malounta,Malounta
1209,Κλήρου,1847,942,905,Λευκωσίας,False,35.0213564,33.1777225,ChIJW709aJ6p4BQRXykhBvjz07w,Klirou,Klirou
1210,Αρεδιού,1225,615,610,Λευκωσίας,False,35.0484051,33.1960743,ChIJwVMxKN2p4BQR6OGBddW5Ai8,Arediou,Arediou
1211,Άγιος Ιωάννης Μαλούντας,472,229,243,Λευκωσίας,False,35.0658877,33.1834671,ChIJi0zWBgwC3hQRw6kYmUlXy94,Agios Ioannis,Agios Ioannis
1212,Αγροκηπιά,509,251,258,Λευκωσίας,False,35.0445032,33.1551245,ChIJfZipdzuq4BQR4GUtXt_I3Yc,Agrokipia,Agrokipia
1213,Μιτσερό,860,409,451,Λευκωσίας,False,35.041331,33.1284236,ChIJ18WXTVSq4BQRl-UYm3WF8wg,Mitsero,Mitsero
1220,Καπέδες,572,309,263,Λευκωσίας,False,34.9773458,33.2551542,ChIJD9NVTaGo4BQRoZJoJgGmZIQ,Kapedes,Kapedes
1221,Καταλιόντας,24,15,9,Λευκωσίας,False,34.9947436,33.3080301,ChIJoY48wgin4BQRDXmYY3oYQ88,Kataliontas,Kataliontas
1222,Αναλιόντας,443,215,228,Λευκωσίας,False,35.0077483,33.2900824,ChIJP_6PB72n4BQRvazQ3VNaRxg,Analiontas,Analiontas
1223,Καμπιά,475,221,254,Λευκωσίας,False,35.007253,33.25644279999999,ChIJi_bATnio4BQRC0HyIJNlrss,Kampia,Kampia
1224,Μαργί,146,83,63,Λευκωσίας,False,35.0239031,33.3258557,ChIJRe8074wd3hQRrutvPQCHvEs,Marki,Küçükköy
1225,Τσέρι,7035,3474,3561,Λευκωσίας,False,35.0707866,33.3247626,ChIJVTdztE8c3hQRVbBmDYvcbPg,Tseri,Tseri
1226,Πολιτικό,419,199,220,Λευκωσίας,False,35.0281829,33.24271170000001,ChIJJbfXRBGo4BQRkmJFsuKRiWQ,Politiko,Politiko
1227,Πέρα,1372,671,701,Λευκωσίας,False,35.0328461,33.2554262,ChIJS7JcUAKo4BQRCQ7BHpXcI2A,Pera,Pera
1228,Επισκοπειό,524,272,252,Λευκωσίας,False,35.0406022,33.2443993,ChIJPyeIfB2o4BQRFz80m27pI0E,Episkopeio,Episkopeio
1229,Ψιμολόφου,1626,831,795,Λευκωσίας,False,35.0608691,33.2597062,ChIJlUz3wDQd3hQRWORQJtLLxug,Psimolofou,Psimolofou
1230,Εργάτες,1792,938,854,Λευκωσίας,False,35.0541055,33.2436859,ChIJ2an6QrsC3hQR3G-X_ix_7fE,Ergates,Ergates
1231,Ανάγεια,1514,733,781,Λευκωσίας,False,35.074869,33.2516708,ChIJJU0Ha9EC3hQRegdjVvVwkvA,Anageia,Anageia
1232,Πάνω Δευτερά,2789,1405,1384,Λευκωσίας,False,35.0817107,33.2672173,ChIJ4TmoKNEc3hQRDdjqzWhlFpY,Pano Deftera,Pano Deftera
1233,Κάτω Δευτερά,2054,966,1088,Λευκωσίας,False,35.08804,33.2784486,ChIJ8-B-78Ec3hQRJT0ooikq-tg,Kato Deftera,Kato Deftera
1240,Άγιοι Τριμιθιάς,1529,758,771,Λευκωσίας,False,35.1144181,33.2112256,ChIJi0Zg_3YD3hQRXrtXAUWCGkc,Ayioi Trimithias,Ayioi Trimithias
1241,Παλαιομέτοχο,4145,2113,2032,Λευκωσίας,False,35.1268061,33.1921206,ChIJ59ZxPo0D3hQRHZNAZO7j0XA,Palaiometocho,Palaiometocho
1242,Δένεια,373,181,192,Λευκωσίας,False,35.166721,33.1442206,ChIJxbOgtsAG3hQRtAkZT4jfeg8,Deneia,Deneia
1243,Κοκκινοτριμιθιά,4077,2030,2047,Λευκωσίας,False,35.1527991,33.1999632,ChIJkzVn_WgE3hQRNYojATSGI00,Kokkinotrimithia,Kokkinotrimithia
1244,Μάμμαρη,1592,797,795,Λευκωσίας,False,35.1756676,33.2048502,ChIJaYf2na0F3hQRf1U2pI05jSA,Mammari,Mammari
1300,Παλαιχώρι Μόρφου,686,330,356,Λευκωσίας,False,34.922316,33.0920661,ChIJ_6Zdr6Sy4BQRcro8W-YqC2Y,Palaichori,Palaichori
1301,Ασκάς,170,84,86,Λευκωσίας,False,34.9294664,33.0777752,ChIJedb9JlNN5xQRsBqPnd6Bm_o,Askas,Askas
1302,Άλωνα,67,28,39,Λευκωσίας,False,34.9343103,33.0396346,ChIJWwSFrHZN5xQRnB8us6NXQqc,Alona,Alona
1303,Φτερικούδι,90,41,49,Λευκωσίας,False,34.94257,33.069487,ChIJ9Sfv7KhS5xQRk_lALpxTEWk,Fterikoudi,Fterikoudi
1304,Πολύστυπος,128,60,68,Λευκωσίας,False,34.9396288,33.0177915,ChIJmevGTJFN5xQR9HeNf9owX8w,Polistipos,Polistipos
1305,Λαγουδερά,84,34,50,Λευκωσίας,False,34.9621334,33.0103115,ChIJ-eYLkAxS5xQRW7tkNV2B4QM,Lagoudera,Lagoudera
1306,Σαράντι,44,20,24,Λευκωσίας,False,34.96905050000001,32.9997237,ChIJ1-INkw9S5xQRj5cgAx8pdzs,Saranti,Saranti
1307,Λιβάδια Λευκωσίας,18,9,9,Λευκωσίας,False,34.9461332,33.0230728,ChIJHRVsnI9N5xQRvJ5a15pDgGw,Livadia,Livadia
1308,Αληθινού,9,3,6,Λευκωσίας,False,34.9476497,33.0286702,ChIJpc9mE4FN5xQRpJh5sIHp_EY,Alithinou,Alithinou
1309,Πλατανιστάσα,117,49,68,Λευκωσίας,False,34.9472628,33.0454434,ChIJYblQqoJS5xQRXZX9wXDzMWg,Platanistasa,Platanistasa
1310,Παλαιχώρι Ορεινής,333,165,168,Λευκωσίας,False,35.0057783,33.1622181,ChIJ84ahLdyr4BQRZpTIu6SjFt0,Palaichori Oreinis,Kalo Chorio
1320,Ξυλιάτος,138,72,66,Λευκωσίας,False,35.0295134,33.0435849,ChIJZ7IRsYNU5xQRMP9Wlp0O2G4,Xyliatos,Xyliatos
1321,Άγιος Γεώργιος Καυκάλλου,26,11,15,Λευκωσίας,False,35.037046,33.0124773,ChIJk5nuRnVU5xQRnMSYlgeBoQo,Agios Georgios,Agios Georgios
1322,Νικητάρι,447,209,238,Λευκωσίας,False,35.0693398,32.9917153,ChIJpXkziilU5xQR6MA264uh0jk,Nikitari,Nikitari
1323,Βυζακιά,347,171,176,Λευκωσίας,False,35.0770303,33.0148195,ChIJWw0LNLRV5xQRyVfPY114Plk,Vyzakia,Vyzakia
1324,Αγία Μαρίνα Ξυλιάτου,568,270,298,Λευκωσίας,False,35.04922380000001,33.0566598,ChIJhZFJ0elU5xQRv7gzaJnOUWk,Agia Marina,Agia Marina
1325,Άγιοι Ηλιόφωτοι,60,55,5,Λευκωσίας,False,35.059456,33.104036,ChIJAdrrw-uq4BQRxkbDup-1J2o,Agioi Iliofotoi,Zeytinlik
1326,Κάτω Μονή,339,168,171,Λευκωσίας,False,35.0612836,33.0932799,ChIJf-Eh4sSq4BQRBs-gVK2Mgwk,Kato Moni,Kato Moni
1327,Ορούντα,604,310,294,Λευκωσίας,False,35.1028182,33.0941709,ChIJo2E8QhEA3hQRNMhOYniI5gg,Orounda,Orounda
1328,Πάνω Κουτραφάς,4,3,1,Λευκωσίας,False,35.0854271,32.9828841,ChIJacNi031W5xQR3y_6dtmIF34,Pano Koutraphas,Pano Koutraphas
1329,Κάτω Κουτραφάς,17,8,9,Λευκωσίας,False,35.1016736,32.9779895,ChIJr28khG1W5xQRAkzAltKTd3E,Kato Koutrafas,Aşağı Kurtboğan
1330,Ποτάμι,558,283,275,Λευκωσίας,False,35.1046562,33.028789,ChIJZysPEIdV5xQRPkTEx2yKsbo,Potami,Potami
1350,Πάνω Ζώδεια,15,12,3,Λευκωσίας,False,35.1386371,32.9860159,ChIJMyeRpuj-3RQRDNZiowoWvBo,Yukarı Bostancı,Yukarı Bostancı
1360,Ακάκι,3003,1494,1509,Λευκωσίας,False,35.1337357,33.1288417,ChIJW0sKzh4B3hQRVyWuYgO1WSw,Akaki,Akaki
1361,Περιστερώνα Λευκωσίας,2226,1117,1109,Λευκωσίας,False,35.1305014,33.0798116,ChIJjzGq73sA3hQRbrdEi8WlTqQ,Peristerona,Peristerona
1362,Αστρομερίτης,2307,1158,1149,Λευκωσίας,False,35.139698,33.0369494,ChIJuUOG2gn_3RQRn-GxowHTJbo,Astromeritis,Astromeritis
1368,Μένικο,1023,511,512,Λευκωσίας,False,35.1112587,33.146156,ChIJ4w3urQoB3hQRA_E8SzZXQIY,Meniko,Meniko
1400,Σπήλια,123,56,67,Λευκωσίας,False,34.9666909,32.9549718,ChIJUWHqgy9O5xQRZswvIfG3kc4,Spilia,Spilia
1402,Αγία Ειρήνη Λευκωσίας,27,14,13,Λευκωσίας,False,34.9814562,32.9698159,ChIJ2b7_I-lR5xQR6wxdrjkwDoc,Agia Eirini,Agia Eirini
1403,Καννάβια,129,59,70,Λευκωσίας,False,34.9830613,32.9771541,ChIJjTnO3-1R5xQRz9Zj7wdvyuE,Kannavia,Kannavia
1404,Κακοπετριά,1274,603,671,Λευκωσίας,False,34.9899859,32.9036838,ChIJuQaiK1ZF5xQRkMfHz2omxLY,Kakopetria,Kakopetria
1405,Άγιος Θεόδωρος Σολέας,49,25,24,Λευκωσίας,False,35.042596,32.9284861,ChIJUX2KOcJQ5xQRb_-OHaE903Y,Ayios Theodoros Soleas,Ayios Theodoros Soleas
1406,Γαλάτα,581,277,304,Λευκωσίας,False,34.997626,32.8986815,ChIJyWFmeQdQ5xQRo4JLfRSKhXM,Galata,Galata
1407,Σιναόρος,228,119,109,Λευκωσίας,False,35.0099216,32.8981879,ChIJE_CLmwpQ5xQR773OpdQVmKs,Sina Oros,Sina Oros
1408,Καλιάνα,200,92,108,Λευκωσίας,False,35.012206,32.8826138,ChIJRfyc47xa5xQRU8XmSMzP55E,Kaliana,Kaliana
1409,Τεμβριά,498,230,268,Λευκωσίας,False,35.0280035,32.89178,ChIJWWRVJIRa5xQRIjUSkLucz7Y,Temvria,Temvria
1410,Κοράκου,521,248,273,Λευκωσίας,False,35.0403045,32.8857482,ChIJ1Vx7xGRa5xQRaj9Dvt56CJ8,Korakou,Korakou
1411,Ευρύχου,827,385,442,Λευκωσίας,False,35.0427354,32.9012972,ChIJZXElz39a5xQRRreA3NlWhMs,Evrychou,Evrychou
1412,Φλάσου,240,109,131,Λευκωσίας,False,35.060795,32.8874946,ChIJCVIeKxBa5xQRuDLz2UP16gs,Flasou,Flasou
1415,Ληνού,161,67,94,Λευκωσίας,False,35.0729964,32.8919527,ChIJXQbXTwJa5xQRxwAM0eVZxmY,Linou,Linou
1416,Κατύδατα,114,49,65,Λευκωσίας,False,35.0817895,32.8874154,ChIJ8_CKdPBZ5xQRQzAttTt1wD0,Katydata,Katydata
1417,Σκουριώτισσα (Φουκάσα),11,4,7,Λευκωσίας,False,35.0916578,32.885038,ChIJlzIuT-hZ5xQRjlE67ME0T40,Skouriotissa,Skouriotissa
1420,Πεδουλάς,132,67,65,Λευκωσίας,False,34.9686392,32.827564,ChIJRVsXN2dE5xQRf9DkiYNWhVg,Pedoulas,Pedoulas
1421,Μυλικούρι,17,8,9,Λευκωσίας,False,34.9611506,32.7519984,ChIJq8Yw3yVC5xQRlv84elNpq1M,Mylikouri,Mylikouri
1422,Μουτουλλάς,174,79,95,Λευκωσίας,False,34.983339,32.8245664,ChIJx3u4AZJE5xQRgZWMeLLl2C4,Moutoullas,Moutoullas
1423,Οίκος,158,78,80,Λευκωσίας,False,35.0002913,32.8299929,ChIJoWP5gLhE5xQR2OhyINq3j5A,Oikos,Oikos
1424,Καλοπαναγιώτης,263,123,140,Λευκωσίας,False,34.9916085,32.8282406,ChIJH5IitbRE5xQRx_EQ88Pb4yc,Kalopanayiotis,Kalopanayiotis
1425,Γερακιές,75,27,48,Λευκωσίας,False,35.0003791,32.8051677,ChIJIeZSKV5D5xQR2Pt-N2n4wGc,Gerakies,Gerakies
1426,Τσακίστρα,79,42,37,Λευκωσίας,False,35.0246263,32.7225721,ChIJ-Zqg8KFC5xQR7q6fHv0_2MI,Tsakistra,Tsakistra
1427,Κάμπος,271,114,157,Λευκωσίας,False,35.0392022,32.7324144,ChIJ_fxPGbNC5xQRbzhxDfpTAY8,Kampos,Kampos
1456,Πάνω Πύργος,22,11,11,Λευκωσίας,False,35.1556574,32.6829413,ChIJ--EZiedg5xQRiTqvxtHVpoA,Pano Pyrgos,Pano Pyrgos
1457,Κάτω Πύργος,1036,516,520,Λευκωσίας,False,35.1813827,32.6856272,ChIJ-3ELgVpg5xQRkwqhdn7ExR4,Kato Pyrgos,Kato Pyrgos
1460,Πηγένια,107,52,55,Λευκωσίας,False,35.1710158,32.656798,ChIJs7J6ZRFh5xQRZCniW2vxMyo,Pigenia,Pigenia
1461,Παχύαμμος,70,35,35,Λευκωσίας,False,35.1707749,32.584818,ChIJJ8yTb4Jj5xQRmAr-KsUsIkk,Pachyammos,Pachyammos
1467,Μανσούρα,9,4,5,Λευκωσίας,False,35.1869582,32.6360673,ChIJl8UxD3hh5xQR1dx_ol1VE0Q,Mansoura,Mansoura
1468,Μοσφίλι,20,6,14,Λευκωσίας,False,35.1810885,32.6311244,ChIJQctit3xh5xQR1YeeAwdTagk,Mosfili,Mosfili
3100,Αγία Νάπα,3212,1611,1601,Αμμοχώστου,False,34.9887366,34.0002782,ChIJWYKRp2jF3xQRQKqvnhksWJY,Ayia Napa,Ayia Napa
3101,Παραλίμνι,14963,7412,7551,Αμμοχώστου,False,35.0375882,33.9814728,ChIJN6Wo-2vE3xQR3F9Dv19dyqc,Paralimni,Paralimni
3102,Δερύνεια,5844,2914,2930,Αμμοχώστου,False,35.062854,33.960628,ChIJiejhhbDI3xQRlH6-0Zix_vw,Deryneia,Derinköy
3103,Σωτήρα Αμμοχώστου,5474,2761,2713,Αμμοχώστου,False,35.0284699,33.9513191,ChIJ6-3Wew3P3xQR2ZIpR6oQHH0,Sotira,Sotira
3104,Λιοπέτρι,4591,2276,2315,Αμμοχώστου,False,35.0096685,33.8929049,ChIJxwJgg__N3xQRZAHKR0V5Cp4,Liopetri,Liopetri
3105,Φρέναρος,4298,2119,2179,Αμμοχώστου,False,35.0432562,33.924892,ChIJJ1dAX-_O3xQRa4h_7SjjH8g,Frenaros,Frenaros
3110,Αυγόρου,4604,2300,2304,Αμμοχώστου,False,35.0370977,33.8401219,ChIJayulWQrN3xQRdL-fqV0siVo,Avgorou,Avgorou
3111,Άχνα,2087,1051,1036,Αμμοχώστου,False,35.0728291,33.825531,ChIJEfGqsrEy3hQR9S8OV6Sf2X0,Dasaki Achnas,Dasaki Achnas
3114,Αχερίτου,1556,744,812,Αμμοχώστου,False,35.0732134,33.871748,ChIJ-3bvKvzL3xQRZiFfvsvFLTM,Vrysoules,Vrysoules
4000,Λάρνακα,51468,24613,26855,Λάρνακας,True,34.9182222,33.6200625,ChIJE8tAbKGC4BQRpdBxEyLwy08,Larnaca,Larnaka
4010,Αραδίππου,19228,9554,9674,Λάρνακας,True,34.9521888,33.5908529,ChIJ3Qh9XZIn3hQRXyQfEHpuVVQ,Aradippou,Aradip
4011,Λιβάδια,7206,3521,3685,Λάρνακας,False,34.9490765,33.6275272,ChIJc16ZWGUo3hQRhM9yVc4utl0,Livadia,Livadia
4012,Δρομολαξιά,5064,2462,2602,Λάρνακας,False,34.8761451,33.5857563,ChIJ-SwF-PGc4BQR-b33EcjjzIE,Dromolaxia,Mormenekşe
4013,Μενεού,1625,801,824,Λάρνακας,False,34.8618571,33.5954577,ChIJzRsWkZmc4BQRI6XabNUSikw,Meneou,Menevi
4100,Κελλιά,387,187,200,Λάρνακας,False,34.9769024,33.6233665,ChIJTYIVkZwo3hQRZYA93QHzGLQ,Kellia,Yıldırım
4101,Τρούλλοι,1175,606,569,Λάρνακας,False,35.0150309,33.6216611,ChIJZyCu0Xgv3hQRatZghn44NnA,Troulloi,Troulloi
4102,Bορόκληνη (Ορόκληνη),6134,3052,3082,Λάρνακας,False,34.9828802,33.6558907,ChIJ_2PZZNoo3hQRKxiKfJKtI8g,Oroklini,Oroklini
4103,Αβδελλερό,218,102,116,Λάρνακας,False,35.0101559,33.5693912,ChIJc-hzgYgm3hQRn1vw1UZ9uFA,Avdellero,Avdeler
4104,Πύλα,2771,1402,1369,Λάρνακας,False,35.0134077,33.6922186,ChIJPZiA7ZEu3hQRWvpMYkNkR4o,Pyla,Pile
4105,Ξυλοτύμβου,3655,1840,1815,Λάρνακας,False,35.0153362,33.7407024,ChIJtb5OMact3hQRKT5hFPpoz6Y,Xylotymvou,Xylotymvou
4106,Ορμίδεια,4189,2026,2163,Λάρνακας,False,34.9923198,33.7791944,ChIJv107r9gs3hQRae-NlJanL0o,Ormideia,Ormideia
4107,Ξυλοφάγου,6231,3057,3174,Λάρνακας,False,34.9761878,33.8487527,ChIJVz9cA1LS3xQRmEie9TECWYU,Xylofagou,Xylofagou
4108,Πέργαμος,193,99,94,Λάρνακας,False,35.0486587,33.6958809,ChIJg1TRneIt3hQR8NVvavMgv4s,Pergamos,Beyarmudu
4110,Κίτι,4252,2054,2198,Λάρνακας,False,34.8464781,33.5727305,ChIJT8WFAgWb4BQRO4617z6zi3o,Kiti,Çite
4111,Περιβόλια Λάρνακας,3009,1531,1478,Λάρνακας,False,34.828698,33.5798536,ChIJ65hmAAab4BQR1ZJffakT_Jc,Perivolia,Bahçalar
4112,Τερσεφάνου,1299,663,636,Λάρνακας,False,34.8548144,33.5468888,ChIJ71No6-ub4BQR4wnlFQKLSng,Tersefanou,Tersefanou
4113,Σοφτάδες,62,29,33,Λάρνακας,False,34.8336242,33.5481414,ChIJ7ajrJbab4BQRjnfOt9HO5Dc,Softades,Softalar
4120,Μαζωτός,832,388,444,Λάρνακας,False,34.8038652,33.4872724,ChIJbdCzy3uX4BQR1Ubwz8yA4Mc,Mazotos,Mazotos
4121,Αλαμινός,345,174,171,Λάρνακας,False,34.8070417,33.4335814,ChIJC_P7EF694BQRhaf9anYsMFo,Alaminos,Alaminyo
4122,Αναφωτίδα,790,390,400,Λάρνακας,False,34.8246869,33.4633383,ChIJ86nPtCOY4BQRoyEMxzPe9ns,Anafotia,Akkor
4123,Απλάντα,6,6,0,Λάρνακας,False,34.8290869,33.4743605,ChIJQfzAQTGY4BQRkQ4BdCuXQt4,Aplanda,Aplanta Çiftlik
4124,Κιβισίλι,233,117,116,Λάρνακας,False,34.8397473,33.5058046,ChIJGy9F_aGZ4BQRnNlwKZv3jnM,Kivisili,Cevizli
4125,Αλεθρικό,1101,538,563,Λάρνακας,False,34.8581994,33.4948446,ChIJF1jkgBqZ4BQR43ImyeQcMrg,Alethriko,Alethriko
4126,Κλαυδιά,427,205,222,Λάρνακας,False,34.8933791,33.51483,ChIJ0Qss47qe4BQRwQgxteCeyfM,Klavdia,Alaniçi
4127,Αγγλισίδες,1146,588,558,Λάρνακας,False,34.8534791,33.4565974,ChIJdQLslmaY4BQRS1IjTpTS5Gs,Anglisides,Aksu
4128,Μενόγεια,50,22,28,Λάρνακας,False,34.8438208,33.4407763,ChIJPSI24QqY4BQRSHSRfPPi8tQ,Menogeia,Ötüken
4202,Αθιένου,5017,2462,2555,Λάρνακας,False,35.0617995,33.5399098,ChIJ0_D8YLsj3hQR5X0O5-iYOf4,Athienou,Kiracıköy
4210,Καλό Χωριό Λάρνακας,1518,752,766,Λάρνακας,False,34.9274852,33.5370018,ChIJdXChWNyd4BQRC1QpE75sJ7c,Kalo Chorio,Vuda
4211,Αγία Άννα,339,170,169,Λάρνακας,False,34.9431755,33.4815517,ChIJH7l61bKf4BQRwUfZJ2eoH4A,Agia Anna,Akhisar
4212,Μοσφιλωτή,1365,674,691,Λάρνακας,False,34.9506826,33.4287225,ChIJKZtnKTKg4BQRt_8G2KyJKXY,Mosfiloti,Mosfiloti
4213,Ψευδάς,1261,622,639,Λάρνακας,False,34.9512771,33.4631238,ChIJrUi_Y76f4BQRE_d3VJ-Tunc,Psevdas,Psevdas
4214,Πυργά (τα) Λάρνακας,812,422,390,Λάρνακας,False,34.9260101,33.4313872,ChIJZ656Ad6h4BQR22S-oL-2Z8c,Pyrga,Çamlıbel
4215,Κόρνος,2083,1060,1023,Λάρνακας,False,34.9225644,33.3964523,ChIJO812fXyh4BQR1021AIz_ZXg,Kornos,Kornos
4216,Δελίκηπος,23,12,11,Λάρνακας,False,34.9159428,33.3620252,ChIJ8bU0kO-j4BQRgWifmidfcng,Delikipos,Delikipos
4300,Ζύγι,589,311,278,Λάρνακας,False,34.7276131,33.3349628,ChIJwd7x5Cq54BQRGVuCeaCbB4w,Zygi,Terazi
4301,Μαρί,158,83,75,Λάρνακας,False,34.7414054,33.2989795,ChIJ-xCz6Fy44BQRIRYbnbHr57o,Mari,Tatlısu
4302,Καλαβασός,737,371,366,Λάρνακας,False,34.7724293,33.2959772,ChIJLzhUjpi54BQR8E2k0IK2zt8,Kalavasos,Kalavasos
4303,Τόχνη,424,208,216,Λάρνακας,False,34.7819948,33.3231306,ChIJTQuxsmG54BQRg9eC_1ufnfk,Tochni,Taşkent
4304,Χοιροκoιτία,632,310,322,Λάρνακας,False,34.7966222,33.33558,ChIJlxi7bu274BQRGH-WXPSjt0A,Choirokoitia,Choirokoitia
4305,Ψεματισμένος,271,130,141,Λάρνακας,False,34.7676625,33.3461719,ChIJAUk_cFK54BQRlvyG5SQ_B2w,Psematismenos,Yalancıköy
4306,Μαρώνι,710,354,356,Λάρνακας,False,34.7572546,33.3573334,ChIJLaRzyba-4BQRCxyPX3rVA0A,Maroni,Maroni
4307,Άγιος Θεόδωρος Λάρνακας,663,332,331,Λάρνακας,False,34.7987765,33.3836411,ChIJNbatE1e84BQR5N8OMs3CdyQ,Agios Theodoros,Aytotoro
4308,Σκαρίνου,393,192,201,Λάρνακας,False,34.8214575,33.3590151,ChIJtYl7yYS84BQR7nmLOUd4IzE,Skarinou,Skarinou
4309,Κοφίνου,1312,721,591,Λάρνακας,False,34.8256084,33.3893174,ChIJ7cYTz9i84BQRubn919vI_vE,Kofinou,Geçitkale
4310,Κάτω Λεύκαρα,128,60,68,Λάρνακας,False,34.8633533,33.3146816,ChIJSzfsujK74BQRF0j1oYNHrHE,Kato Lefkara,Aşağı Lefkara
4311,Πάνω Λεύκαρα,762,363,399,Λάρνακας,False,34.8673535,33.3053345,ChIJ8396qdWk4BQR0xj9CQFxJoY,Pano Lefkara,Yukarı Lefkara
4312,Κάτω Δρυς,129,60,69,Λάρνακας,False,34.8516158,33.3045466,ChIJZcWZmCC74BQRCPQ_XNGZzgU,Kato Drys,Kato Drys
4313,Βάβλα,52,17,35,Λάρνακας,False,34.8414268,33.2688594,ChIJ56EZrYe64BQRJXnPWokae7U,Vavla,Vavla
4314,Λάγεια,28,13,15,Λάρνακας,False,34.8434883,33.2475593,ChIJRaoScPWw4BQR29YZDdKPXbo,Lageia,Lageia
4315,Ορά,206,113,93,Λάρνακας,False,34.8617787,33.19513,ChIJI9U8pKCx4BQR7IOVVvKVQQ8,Ora,Ora
4316,Μελίνη,59,34,25,Λάρνακας,False,34.867097,33.1571512,ChIJ34G4E86z4BQR8cpHph3z8Pk,Melini,Melini
4317,Οδού,213,130,83,Λάρνακας,False,34.8855322,33.1507464,ChIJX0wwXzey4BQRWh3kpMom-yY,Odou,Odou
4318,Άγιοι Βαβατσινιάς,131,71,60,Λάρνακας,False,34.8798262,33.190932,ChIJPZudK76x4BQRWQzd01gOToQ,Agioi Vavatsinias,Agioi Vavatsinias
4319,Βαβατσινιά,81,42,39,Λάρνακας,False,34.8933235,33.2293042,ChIJ6clA5Niv4BQRARzjOXM8mZ8,Vavatsinia,Vavatsinia
5000,Λεμεσός,101000,48421,52579,Λεμεσού,True,34.6786322,33.0413055,ChIJnfQCrBYz5xQRErAlcJV_qdo,Limassol,Limasol
5011,Μέσα Γειτονιά,14477,6943,7534,Λεμεσού,True,34.6982601,33.0455093,ChIJ5bZwl28z5xQRdNC5jaL0wxE,Mesa Geitonia,Mesa Geitonia
5012,Άγιος Αθανάσιος,14347,6760,7587,Λεμεσού,True,34.7109373,33.0597452,ChIJ2SQ5I5Y05xQRX_c0Fpz8_XM,Agios Athanasios,Agios Athanasios
5013,Γερμασόγεια,13421,6494,6927,Λεμεσού,True,34.7227518,33.0845277,ChIJAxPg8DPL4BQR0eD3XJ7Ycx8,Germasogeia,Germasogeia
5020,Πάνω Πολεμίδια,3470,1699,1771,Λεμεσού,False,34.7098925,32.99206040000001,ChIJH7C_MGAx5xQR925eH1R9PKI,Pano Polemidia,Yukarı Binatlı
5021,Ύψωνας,11117,5529,5588,Λεμεσού,False,34.6882836,32.9612103,ChIJK8qTmbYx5xQRNSuzg1f4OzU,Ypsonas,Ypsonas
5022,Κάτω Πολεμίδια,22369,10903,11466,Λεμεσού,True,34.689381,33.0087394,ChIJz2jGDdIz5xQRNAOO8jJCkYY,Kato Polemidia,Binatlı
5100,Παλόδεια,1568,775,793,Λεμεσού,False,34.7448585,33.0057813,ChIJtX6MZD405xQRjr60iwnnPng,Palodia,Palodia
5101,Παραμύθα,569,279,290,Λεμεσού,False,34.7612191,32.9950889,ChIJ799FYSk05xQRXk_aukixDTQ,Paramytha,Paramytha
5102,Σπιτάλι,316,148,168,Λεμεσού,False,34.7634165,33.0035795,ChIJsb3gVSw05xQRX9kOcapX_JY,Spitali,Spitali
5103,Φασούλα Λεμεσού,560,261,299,Λεμεσού,False,34.763803,33.0267096,ChIJsWpcwq415xQRCL2ZFG6XB0o,Fasoula,Fasoula
5104,Μαθικολώνη,174,85,89,Λεμεσού,False,34.7747644,33.0477977,ChIJUQyTXG815xQR25Y7hK5WoNA,Mathikoloni,Mathikoloni
5105,Γεράσα,69,31,38,Λεμεσού,False,34.8026925,32.9958715,ChIJlbzujPg15xQRElHZGZN4TPE,Gerasa,Gerasa
5106,Αψιού,208,97,111,Λεμεσού,False,34.7975112,33.0167299,ChIJpdYHAIo15xQR-DkXOL0hzKI,Apsiou,Apsiou
5107,Απεσιά,474,218,256,Λεμεσού,False,34.7888153,32.9791008,ChIJ21A9sHI25xQRTtQgq4s6xSM,Apesia,Apesia
5108,Κορφή,199,102,97,Λεμεσού,False,34.7943298,32.9657546,ChIJTR7YuD825xQRFzr7p5RbF8o,Korfi,Korfi
5109,Λιμνάτης,314,144,170,Λεμεσού,False,34.813109,32.9476114,ChIJcU2jqi425xQRwHJUpqdDkzU,Limnatis,Limnatis
5110,Καπηλειό,34,16,18,Λεμεσού,False,34.8322135,32.9579111,ChIJ5Y2X_cZJ5xQRgouXAc0V-nE,Kapilio,Kapilio
5120,Μουτταγιάκα,2939,1464,1475,Λεμεσού,False,34.7207324,33.1007555,ChIJDzwj8hfL4BQRudKN74NCn5Q,Mouttagiaka,Mutluyaka
5121,Αρμενοχώρι,218,104,114,Λεμεσού,False,34.7447112,33.1295812,ChIJbyBfsWDK4BQRJFRcsopF_VQ,Armenochori,Esenköy
5122,Φοινικάρια,339,160,179,Λεμεσού,False,34.7530522,33.0983787,ChIJb6TMksDK4BQRt1Chmg1UaD8,Foinikaria,Foinikaria
5123,Ακρούντα,455,206,249,Λεμεσού,False,34.7656682,33.0812791,ChIJ_dHSbLPK4BQRuIvKZ4oAmPs,Akrounta,Akrounta
5124,Άγιος Τύχων,3455,1724,1731,Λεμεσού,False,34.7258619,33.1404129,ChIJjSlst1LK4BQRN939hbnOL3Q,Agios Tychon,Agios Tychon
5125,Παρεκκλησιά,2738,1333,1405,Λεμεσού,False,34.7435844,33.1600766,ChIJM4_WJhvK4BQRb68sNoBrpSs,Pareklisia,Pareklisia
5126,Πεντάκωμο,644,318,326,Λεμεσού,False,34.7389726,33.2411553,ChIJm-O0Bua34BQR_7XSdwLGLPA,Pentakomo,Beşevler
5127,Μοναγρούλλι,536,260,276,Λεμεσού,False,34.7482813,33.2120933,ChIJE7LtXS224BQRQrCkx8NMSUo,Monagroulli,Monagroulli
5128,Μονή,622,321,301,Λεμεσού,False,34.7390692,33.2012827,ChIJYdHsmN3J4BQRkMN-vHIylZ0,Moni,Moni
5129,Πύργος Λεμεσού,2363,1172,1191,Λεμεσού,False,34.7417862,33.1832043,ChIJOSIKiOTJ4BQR63b6XZ-HRVE,Pyrgos,Pyrgos
5130,Ασγάτα,417,208,209,Λεμεσού,False,34.7792675,33.255693,ChIJRUQO_mO34BQRXLsKlltNO_I,Asgata,Asgata
5131,Βάσα Κελλακίου,73,33,40,Λεμεσού,False,34.8039688,33.2158763,ChIJByB1fCe34BQRiC-mB_V0Vzw,Vasa,Vasa
5132,Σανίδα,42,21,21,Λεμεσού,False,34.8072135,33.1899321,ChIJ7VhiOL-24BQRpusi6vOAEVM,Sanida,Sanida
5133,Πραστιό Κελλακίου,103,51,52,Λεμεσού,False,34.8118472,33.142338,ChIJr7Yy-ka04BQRSVyGOVD8sLU,Prastio,Prastio
5134,Κλωνάρι,18,6,12,Λεμεσού,False,34.8264806,33.1813508,ChIJk4uFRa224BQRW-Wnt_1Tw9s,Klonari,Klonari
5135,Βίκλα,1,0,1,Λεμεσού,False,34.8272657,33.1957503,ChIJ75paljax4BQR9T39VGOtn1M,Vikla,Vikla
5136,Κελλάκι,299,148,151,Λεμεσού,False,34.8158446,33.1575597,ChIJ1TPCyBm04BQRnUc--8BIdco,Kellaki,Kellaki
5137,Ακαπνού,20,10,10,Λεμεσού,False,34.8393982,33.1863636,ChIJR59iTkGx4BQRLkiJ2LiT7mc,Akapnou,Akapnou
5138,Επταγώνεια,353,172,181,Λεμεσού,False,34.8464289,33.1579238,ChIJKdSoYe-z4BQRpxrb4GGW2Ec,Eptagonia,Eptagonia
5140,Διερώνα,192,103,89,Λεμεσού,False,34.8296739,33.1117782,ChIJBYyHX5K04BQRC66P5waAW-A,Dierona,Dierona
5141,Αρακαπάς,307,146,161,Λεμεσού,False,34.8440054,33.1141272,ChIJtV6QLIO04BQRfoQJjN4JXAE,Arakapas,Arakapas
5142,Άγιος Παύλος,135,68,67,Λεμεσού,False,34.8626574,33.0455842,ChIJ52fmpWRL5xQRk-_-heDUo-s,Agios Pavlos,Agios Pavlos
5143,Άγιος Κωνσταντίνος,137,69,68,Λεμεσού,False,34.8674197,33.0650055,ChIJu4iywaVM5xQRKIlQa0so93I,Agios Konstantinos,Agios Konstantinos
5144,Συκόπετρα,120,60,60,Λεμεσού,False,34.8786689,33.1112506,ChIJvyJgzhqz4BQR4852_OjmwH8,Sykopetra,Sykopetra
5145,Λουβαράς,363,185,178,Λεμεσού,False,34.8348747,33.0381446,ChIJqeu4xBtL5xQRExO3ej4mtmU,Louvaras,Louvaras
5146,Καλό Χωριό Λεμεσού,497,242,255,Λεμεσού,False,34.849626,33.0242499,ChIJ5aBOYqNL5xQRclvf88t9prY,Kalo Chorio,Kalo Chorio
5147,Ζωοπηγή,140,69,71,Λεμεσού,False,34.862776,33.0152868,ChIJa5s8l5NL5xQROW57-SErCwo,Zoopigi,Zoopigi
5200,Ακρωτήρι,870,427,443,Λεμεσού,False,34.6016136,32.9557945,ChIJ6eWZxecu5xQRLFt15nCJmh8,Akrotiri,Akrotiri
5201,Ασώματος Λεμεσού,726,361,365,Λεμεσού,False,34.6379699,32.9573383,ChIJqUh6V0cu5xQR1YyC7mF1Onw,Asomatos,Gözügüzel
5202,Τσερκέζοι,50,29,21,Λεμεσού,False,34.6530262,32.9904151,ChIJJyNCuAEy5xQRg51IQBoM9eo,Tserkezoi,Çerkez Çiflik
5203,Τραχώνι Λεμεσού,3952,1961,1991,Λεμεσού,False,34.6563694,32.9626282,ChIJ-f1kR98x5xQROXFUgSEezm0,Trachoni,Kayakale
5210,Κολόσσι,5651,2789,2862,Λεμεσού,False,34.670786,32.9338168,ChIJueG5bSgw5xQRNslktqKIprs,Kolossi,Yunus
5211,Ερήμη,2432,1178,1254,Λεμεσού,False,34.6818602,32.9202321,ChIJ_698wxYw5xQRu7PG16zdX6c,Erimi,Erimi
5212,Επισκοπή Λεμεσού,3681,1779,1902,Λεμεσού,False,34.6704716,32.9021979,ChIJ1ygD_Ckl5xQRUZLuOB_DQZw,Episkopi,Episkopi
5213,Καντού,349,166,183,Λεμεσού,False,34.6906882,32.9074609,ChIJQe_OVgww5xQRuJYJAqBKZB8,Kantou,Çanakkale
5214,Σωτήρα Λεμεσού,143,72,71,Λεμεσού,False,34.7112765,32.8621753,ChIJvRDXxuU65xQR4EjH7_5-Kno,Sotira,Sotira
5220,Πραστιό Αυδήμου,245,106,139,Λεμεσού,False,34.729241,32.7788665,ChIJF5mNbsI85xQRJyTbO7PZC08,Prastio,Çeliktaş
5221,Παραμάλι,220,110,110,Λεμεσού,False,34.6763581,32.7926458,ChIJe0mFHlsj5xQRm5OdfaDLKoM,Paramali,Çayönü
5222,Αυδήμου,535,259,276,Λεμεσού,False,34.6926313,32.7631264,ChIJpR48uR4j5xQRyWISjhtSmfs,Avdimou,Düzkaya
5223,Πλατανίστεια,45,22,23,Λεμεσού,False,34.7121681,32.7102032,ChIJYbRXPHMY5xQRpz2K5kvehLg,Platanisteia,Çamlıca
5224,Άγιος Θωμάς,50,23,27,Λεμεσού,False,34.7158993,32.7256983,ChIJdXY5zKUi5xQRI6gnoftDLfg,Agios Thomas,Mersinlik
5225,Αλέκτορα,64,36,28,Λεμεσού,False,34.7089706,32.683038,ChIJ6eLiVlAY5xQR7pYj8N5HG7Y,Alektora,Gökağaç
5226,Ανώγυρα,301,141,160,Λεμεσού,False,34.7392189,32.7335508,ChIJ_28yy0U95xQRFxogS2Jr2NQ,Anogyra,Taşlıca
5227,Πισσούρι,1819,922,897,Λεμεσού,False,34.6767071,32.6992551,ChIJkeMF4bkY5xQRVGlhXfJXzkI,Pissouri,Pissouri
5300,Σούνι-Ζανακιά,837,420,417,Λεμεσού,False,34.7382364,32.8821021,ChIJVWGyTBM65xQRnYXWfrtfAT8,Souni-Zanakia,Souni-Zanakia
5302,Άλασσα,282,132,150,Λεμεσού,False,34.7625613,32.9290054,ChIJzzIN3D035xQR8GNXMHyn6hM,Alassa,Alassa
5303,Κάτω Κιβίδες,5,3,2,Λεμεσού,False,34.7645768,32.8632719,ChIJvWabGig65xQRdemPdxYfsVE,Kato Kivides,Yukarı Alsandık
5304,Πάνω Κιβίδες,707,352,355,Λεμεσού,False,34.7586387,32.8527046,ChIJfXCnXTI65xQRquu0BWh9nes,Pano Kivides,Pano Kivides
5305,Άγιος Αμβρόσιος Λεμεσού,323,149,174,Λεμεσού,False,34.7809352,32.8266361,ChIJq0vTJlw55xQRM2VfaLpJJ_8,Agios Amvrosios,Agios Amvrosios
5306,Άγιος Θεράπων,125,57,68,Λεμεσού,False,34.7976533,32.8400793,ChIJ45thnxE55xQRIvG0UVoEbO4,Agios Therapon,Agios Therapon
5307,Λόφου,46,25,21,Λεμεσού,False,34.8141177,32.8749029,ChIJw5UYTUc45xQRVhfme_rI6E0,Lofou,Lofou
5308,Πάχνα,865,420,445,Λεμεσού,False,34.7781308,32.79443850000001,ChIJ5xLz3hs85xQRprjI-h6Pr1U,Pachna,Pahna
5310,Άγιος Γεώργιος Λεμεσού,111,54,57,Λεμεσού,False,34.8151304,32.8984644,ChIJ39dqlvU35xQRheUT2ASw99s,Agios Georgios,Agios Georgios
5311,Δωρός,135,56,79,Λεμεσού,False,34.816113,32.9101584,ChIJ4_Ixau435xQRWPV1gwR47j4,Dhoros,Dhoros
5312,Λάνεια,281,142,139,Λεμεσού,False,34.8242267,32.9208191,ChIJQT0ufOA35xQRR1w6MISIWIE,Laneia,Laneia
5313,Σιλίκου,137,61,76,Λεμεσού,False,34.8324613,32.8901075,ChIJDcY8bQY45xQRVqbE1wh3l0E,Silikou,Silifke
5314,Μονάγρι,175,72,103,Λεμεσού,False,34.8092578,32.9109593,ChIJZWZpo5I35xQRrLnRX5hBgEM,Monagri,Monagri
5315,Τριμήκληνη,307,142,165,Λεμεσού,False,34.8484869,32.911182,ChIJWcI69BJI5xQRaYWbowhmvYU,Trimiklini,Trimiklini
5316,Άγιος Μάμας,114,40,74,Λεμεσού,False,34.8511033,32.9487543,ChIJVcK2h65J5xQRQ7WIyzbr2lw,Agios Mamas,Agios Mamas
5317,Κουκά,27,14,13,Λεμεσού,False,34.8516033,32.8870972,ChIJ5R2KXe9H5xQR-wcv5GLgllY,Kouka,Kouka
5318,Μονιάτης,275,126,149,Λεμεσού,False,34.868825,32.897145,ChIJ94_W3tVH5xQR2klKftimnYI,Moniatis,Moniatis
5320,Δωρά,145,68,77,Λεμεσού,False,34.7816186,32.7378222,ChIJkTkZB5U95xQRbrcooqyNUVY,Dora,Dora
5322,Άρσος Λεμεσού,202,86,116,Λεμεσού,False,34.8410556,32.7692686,ChIJJylx4QU_5xQRRI8m6gAyZlk,Arsos,Arsos
5323,Κισσούσα,6,3,3,Λεμεσού,False,34.8101445,32.7935055,ChIJq8Arw8U-5xQRmT9HyViUIls,Kissousa,Kissousa
5324,Μαλιά,64,32,32,Λεμεσού,False,34.8168712,32.78317090000001,ChIJq7CVBuk-5xQRANPn0t2s0ko,Malia,Bağlarbaşı
5325,Βάσα Κοιλανίου,163,82,81,Λεμεσού,False,34.8331824,32.7925858,ChIJbf6siSM_5xQRmwZG3WfNJOw,Vasa,Vasa
5326,Βουνί,149,72,77,Λεμεσού,False,34.8230959,32.83388360000001,ChIJbeyEgug45xQRfYtVxp6mXBg,Vouni,Vouni
5327,Πέρα Πεδί,120,59,61,Λεμεσού,False,34.8591819,32.8786132,ChIJ8dK1UpVH5xQRgVCzGGjYKNg,Pera Pedi,Pera Pedi
5328,Μανδριά Λεμεσού,107,50,57,Λεμεσού,False,34.8700469,32.8326114,ChIJsczvEGpH5xQRsciiwD-fDzQ,Mandria,Mandria
5329,Ποταμιού,36,14,22,Λεμεσού,False,34.8236864,32.8067249,ChIJeQbo5io_5xQRyjP-Im3WwFQ,Potamiou,Potamiou
5330,Όμοδος,322,148,174,Λεμεσού,False,34.8489219,32.8077875,ChIJB0OIhbY45xQRE293wO2Hwf4,Omodos,Omodos
5331,Κοιλάνι,216,91,125,Λεμεσού,False,34.8437635,32.8609064,ChIJhd31o3g45xQRE_4SN_PzuCQ,Koilani,Ceylan
5340,Άγιος Δημήτριος,54,15,39,Λεμεσού,False,34.9255557,32.8093553,ChIJz5f9BLNG5xQRXjdT6alLsgc,Agios Dimitrios,Agios Dimitrios
5341,Παλαιόμυλος,20,7,13,Λεμεσού,False,34.9346806,32.8208957,ChIJid3UiadG5xQR-al7SsUWBR8,Palaiomylos,Palaiomylos
5342,Πρόδρομος,123,53,70,Λεμεσού,False,34.949966,32.8326008,ChIJNy2YCD5E5xQRTvdLWFnP_Hw,Prodromos,Prodromos
5343,Καμινάρια,44,19,25,Λεμεσού,False,34.9279581,32.7837628,ChIJc0za3WpB5xQRMkSc9nmRX8Y,Kaminaria,Kaminaria
5344,Τρεις Ελιές,25,11,14,Λεμεσού,False,34.9328386,32.793992,ChIJRcJv9kRB5xQRWVsHL0aBO28,Treis Elies,Treis Elies
5345,Λεμίθου,88,38,50,Λεμεσού,False,34.9510501,32.8138436,ChIJO9l4_ghE5xQRChbfMTkv9I0,Lemithou,Lemithou
5350,Κάτω Πλάτρες (Toρνάρηδες),148,68,80,Λεμεσού,False,34.8797205,32.8420213,ChIJ1ex5RVJG5xQR3HwwGL-Vmr8,Kato Platres,Kato Platres
5351,Πάνω Πλάτρες,239,109,130,Λεμεσού,False,34.8880353,32.8643444,ChIJd91UiFNG5xQR6uDkdxHwdfw,Pano Platres,Pano Platres
5352,Φοινί,391,173,218,Λεμεσού,False,34.8938825,32.8365745,ChIJ-ZRJLhhH5xQRrZEXVSNhXf8,Foini,Foini
5355,Αμίαντος,228,114,114,Λεμεσού,False,34.9173137,32.9370119,ChIJZUQhuyNP5xQRDapaPe7QmAo,Kato Amiantos,Kato Amiantos
5360,Άγιος Θεόδωρος Λεμεσού,65,31,34,Λεμεσού,False,34.8937915,33.0331615,ChIJ98ixdF9M5xQRbWAG0WLJjHM,Agios Theodoros,Agios Theodoros
5361,Άγιος Ιωάννης Λεμεσού,339,166,173,Λεμεσού,False,34.6776126,33.0183948,ChIJ9cBYJLMz5xQREOPo955awT8,Agios Ioannis,Agios Ioannis
5362,Κάτω Μύλος,50,23,27,Λεμεσού,False,34.8946913,33.006335,ChIJp6J9rBZM5xQRiwj3c8qZRo4,Kato Milos,Kato Milos
5363,Ποταμίτισσα,62,28,34,Λεμεσού,False,34.9075123,32.9897087,ChIJ-ab0miBM5xQRXb7aqDTD3cw,Potamitissa,Potamitissa
5364,Δύμες,165,81,84,Λεμεσού,False,34.91693410000001,32.9843429,ChIJ421DY4NO5xQRNzqfnMovpHQ,Dimes,Dimes
5365,Πελένδρι,1074,528,546,Λεμεσού,False,34.8959786,32.96608,ChIJ22ArU7ZO5xQRZWUnLXI-Zrk,Pelentri,Pelentri
5366,Αγρός,806,403,403,Λεμεσού,False,34.9173092,33.0177292,ChIJl1i6aLNN5xQRXSMdn60B0XM,Agros,Agros
5367,Αγρίδια,104,48,56,Λεμεσού,False,34.9300599,33.0029056,ChIJH1hYNdFN5xQRoOptQYRxT1A,Agridia,Agridia
5368,Χανδριά,162,75,87,Λεμεσού,False,34.9443393,32.9943517,ChIJVRe0suBN5xQRyI2W6ijfpbI,Chandria,Chandria
5369,Κυπερούντα,1516,737,779,Λεμεσού,False,34.9413934,32.9680834,ChIJp76a9WhO5xQRwJxKh7-B0zA,Kyperounta,Kyperounta
6000,Πάφος,32892,16204,16688,Πάφου,True,34.77539489999999,32.4217786,ChIJyeIt9GMG5xQR57X0UP_9BWw,Paphos,Baf
6010,Γεροσκήπου,7878,3904,3974,Πάφου,True,34.7600248,32.4533949,ChIJbzlG2MoF5xQR9O7Y185u2jk,Yeroskipou,Yeroskipou
6011,Κονιά,2209,1094,1115,Πάφου,False,34.7851789,32.4588099,ChIJtRwKUsMF5xQRDpzhGp8A9E8,Konia,Konya
6012,Αγία Μαρινούδα,266,139,127,Πάφου,False,34.7599385,32.475741,ChIJtYyTBEsE5xQRMnTU5zh96no,Ayia Marinouda,Agia Marinouda
6014,Αχέλεια,145,78,67,Πάφου,False,34.7385788,32.4851825,ChIJnRRCMmcE5xQRAsNZOxTU8BA,Acheleia,Akhelia
6020,Χλώρακας,5356,2673,2683,Πάφου,False,34.7988017,32.4084312,ChIJvwDEokkG5xQRSkeJ6_AmTIA,Chloraka,Chloraka
6021,Λέμπα,506,235,271,Πάφου,False,34.8085959,32.4084564,ChIJwz8OHjMG5xQRPEnzDRUH8ZQ,Lempa,Lempa
6022,Έμπα,4855,2454,2401,Πάφου,False,34.8099351,32.4230508,ChIJTZqpaEcG5xQRMn3unzGrtOs,Emba,Emba
6023,Τρεμιθούσα,1041,528,513,Πάφου,False,34.8170284,32.4460164,ChIJ5eKHTVMP5xQRUmm-VKdtRBo,Tremithousa,Tremithousa
6024,Μέσα Χωριό,586,297,289,Πάφου,False,34.8090289,32.4616974,ChIJy1Aa91gP5xQRokyWZuXRyuE,Mesa Chorio,Mesa Chorio
6025,Μεσόγη,1689,834,855,Πάφου,False,34.8153325,32.4543097,ChIJ-bbs31AP5xQRHcHUbW7GcBY,Mesogi,Mesogi
6026,Τάλα,2695,1315,1380,Πάφου,False,34.8388506,32.4348263,ChIJW6TwGZEI5xQRlcBdsQ5fTKE,Tala,Tala
6027,Κισσόνεργα,2004,993,1011,Πάφου,False,34.8232973,32.4019769,ChIJSxBYldIH5xQRpoZgyX847k4,Kissonerga,Kissonerga
6100,Κούκλια Πάφου,892,432,460,Πάφου,False,34.7085717,32.5767309,ChIJk20cuJ0b5xQRMFs9Wnn01T8,Kouklia,Sakarya
6101,Μανδριά Πάφου,893,456,437,Πάφου,False,34.7154419,32.5323996,ChIJK5MBRa8E5xQRUfERenhNlqc,Mandria,Yeşilova
6102,Νικόκλεια,121,52,69,Πάφου,False,34.7301801,32.5758216,ChIJC-93fgQb5xQRfyUy_MzKxbM,Nikokleia,Nikokleia
6103,Σουσκιού,10,7,3,Πάφου,False,34.7332478,32.6024302,ChIJ60MyVEga5xQRyGEhDmES0pI,Souskiou,Susuz
6104,Τίμη,1220,603,617,Πάφου,False,34.731714,32.5165011,ChIJ83FqBcAE5xQRaUnN7QIKy4A,Timi,Ovalık
6106,Αγία Βαρβάρα Πάφου,172,86,86,Πάφου,False,34.7520911,32.5105131,ChIJ1YF8V-AE5xQRdzv0vUQXHVM,Agia Varvara,Engindere
6107,Αναρίτα,876,423,453,Πάφου,False,34.7404252,32.5335875,ChIJWXcqntME5xQRbEdonUVRVmw,Anarita,Anarita
6110,Μαραθούντα,309,154,155,Πάφου,False,34.7911516,32.4879837,ChIJw9Ird4MF5xQRXScC52eENXo,Marathounta,Marathounta
6111,Άρμου,600,291,309,Πάφου,False,34.7993207,32.4800409,ChIJLcvk94gF5xQRiTZHtDboeCE,Armou,Armou
6112,Επισκοπή Πάφου,220,103,117,Πάφου,False,34.7913403,32.5224084,ChIJdzAt4e0P5xQR7pJM7WQZunE,Episkopi,Piskobu
6113,Νατά,181,90,91,Πάφου,False,34.781723,32.5664662,ChIJbQn3E5oa5xQRU-Ys7i3FVHc,Nata,Nata
6114,Χολέτρια,264,129,135,Πάφου,False,34.7637137,32.5989955,ChIJ689YJnQa5xQRZFCJcbCoCZo,Choletria,Choletria
6115,Αξύλου,61,31,30,Πάφου,False,34.8057785,32.563136,ChIJ6XJuHkYQ5xQR8RXEsx3gSDw,Axylou,Aksulu
6116,Ελεδιό,44,21,23,Πάφου,False,34.8092298,32.568433,ChIJudT3mk4Q5xQRKVuk167MSt8,Eledio,Eledio
6120,Τσάδα,1043,500,543,Πάφου,False,34.8386369,32.4748826,ChIJeY9izQMP5xQROCzzUaPchWc,Tsada,Tsada
6121,Κοίλη,466,235,231,Πάφου,False,34.8602383,32.4547343,ChIJ1cpnTM4O5xQRMi1P3Uvb0rk,Koili,Koili
6122,Στρουμπί,540,269,271,Πάφου,False,34.8839902,32.4825424,ChIJRQI13igM5xQRSZWIkuTg6Lg,Stroumpi,Stroumpi
6123,Πολέμι,848,408,440,Πάφου,False,34.8857342,32.5076477,ChIJDxA4-sMN5xQR3SoT4DATcpk,Polemi,Polemi
6124,Καλλέπεια,326,152,174,Πάφου,False,34.8461805,32.5006167,ChIJ4a2pZloO5xQRquJIbzTeAmk,Kallepia,Kallepia
6125,Λετύμβου,249,120,129,Πάφου,False,34.856678,32.5134516,ChIJ90LWWGsO5xQR4uG9i4BNJRg,Letymvou,Letymvou
6127,Κούρδακα,7,4,3,Πάφου,False,34.8508634,32.532419,ChIJT6gGPhwO5xQR9-Rpd12Opyw,Kourdaka,Kurtağa
6128,Λεμώνα,51,25,26,Πάφου,False,34.861236,32.5580041,ChIJ8Rsu2BgS5xQRlgQfQvbR-Sg,Lemona,Lemona
6129,Χούλου,147,59,88,Πάφου,False,34.8718331,32.5573602,ChIJHXvfZhYS5xQRKauPEPwFt58,Choulou,Choulou
6130,Ακουρσός,22,14,8,Πάφου,False,34.8869001,32.4214343,ChIJ_7gnTGgJ5xQRUQ-eUemddKs,Akoursos,Akarsu
6132,Κάθικας,438,222,216,Πάφου,False,34.9127034,32.4255259,ChIJxf1xV-4L5xQRVBf1HXh0pvg,Kathikas,Kathikas
6133,Πέγεια,3953,1969,1984,Πάφου,True,34.8833497,32.3874598,ChIJ43dQmoOn5xQRPJ9JRPjv-8s,Peyia,Peyia
6200,Πάνω Aρχιμανδρίτα,43,19,24,Πάφου,False,34.7508805,32.678098,ChIJu1Dba4MX5xQR9aLrIfiRheU,Archimandrita,Archimandrita
6201,Φασούλα Πάφου,56,31,25,Πάφου,False,34.7605476,32.6261529,ChIJwSBvpKsQ5xQRxNBde6URxnc,Fasoula,Fasoula
6202,Μούσερε,2,1,1,Πάφου,False,34.7706678,32.7153863,ChIJQR7wLisW5xQRmlZUm1L6qEI,Mousere,Musere
6204,Μαμώνια,51,23,28,Πάφου,False,34.7707116,32.637913,ChIJw9fiKk8X5xQRYgr96FRmGU8,Mamonia,Mamonia
6205,Άγιος Γεώργιος Πάφου,101,57,44,Πάφου,False,34.7785071,32.6506835,ChIJV7HvzxcX5xQRJMoYKsfk5Lo,Agios Georgios,Kavaklı
6206,Σταυροκόννου,56,28,28,Πάφου,False,34.7851907,32.6205557,ChIJi96-Kc8Q5xQRbhm7CZPyqLE,Stavrokonnou,Aydoğan
6207,Πραστιό Πάφου,8,3,5,Πάφου,False,34.7864199,32.6975277,ChIJEeI5PjgW5xQRGQpzlIxmEes,Prastio,Yuvalı
6208,Τραχυπέδουλα,64,27,37,Πάφου,False,34.8005436,32.67903,ChIJCxo-CV4W5xQRKb2XiNVC38s,Trachypedoula,Trachypedoula
6210,Κελοκέδαρα,193,78,115,Πάφου,False,34.812669,32.651683,ChIJRRJohJUW5xQRp7J7y7dez_Y,Kelokedara,Kelokedara
6211,Σαλαμιού,265,131,134,Πάφου,False,34.8402408,32.68935340000001,ChIJWWaNWLAV5xQRTSG0zu3fdVI,Salamiou,Salamiou
6212,Κιδάσι,11,6,5,Πάφου,False,34.8074659,32.7129631,ChIJ9Q0jNwEW5xQRZ8ZyQTgbgck,Kidasi,Ceyhan
6213,Κέδαρες,80,35,45,Πάφου,False,34.8363418,32.7363927,ChIJKYObJDc-5xQRxlGUfM1M5Lw,Kedares,Çığır
6214,Μέσανα,31,12,19,Πάφου,False,34.8486304,32.7065946,ChIJqQRe0ZwV5xQRIAknJL03eLQ,Mesana,Mesana
6215,Πραιτώρι,23,10,13,Πάφου,False,34.8484702,32.7450064,ChIJI6F7PLc_5xQRVNUU4Fnaby0,Praitori,Praitori
6216,Φιλούσα Κελοκεδάρων,17,7,10,Πάφου,False,34.8519845,32.7429059,ChIJ89hDN7g_5xQRHvC1Zd1cJ84,Philousa Kelokedharon,Philousa Kelokedharon
6217,Αρμίνου,24,7,17,Πάφου,False,34.8618628,32.7205644,ChIJ9RiOwdg_5xQROLkt-VkQK_o,Arminou,Arminou
6218,Άγιος Νικόλαος Πάφου,61,30,31,Πάφου,False,34.8610893,32.7538382,ChIJJ_NNz5k_5xQR3nvpc8xSx1M,Agios Nikolaos,Esentepe
6219,Άγιος Ιωάννης Πάφου,29,12,17,Πάφου,False,34.8680543,32.6913444,ChIJzyEZORIV5xQRCZMLuk8q3nA,Ayios Ioannis,Aydın
6220,Αμαργέτη,209,83,126,Πάφου,False,34.8243445,32.5819849,ChIJ7VUdgaER5xQRp92UkMfzT1s,Amargeti,Amargeti
6221,Αγία Μαρίνα Κελοκεδάρων,37,15,22,Πάφου,False,34.8286879,32.6143271,ChIJBeVoF0UR5xQR0Fg4DxRXyLY,Agia Marina,Agia Marina
6222,Πενταλιά,63,31,32,Πάφου,False,34.8557334,32.6205763,ChIJkQpYp_MT5xQRMfBBMZ-ttyU,Pentalia,Pentalia
6223,Φάλεια,2,2,0,Πάφου,False,34.8598345,32.5892388,ChIJj37GZc4T5xQR3Wcb0rOIyQA,Faleia,Gökçebel
6224,Γαλαταριά,56,26,30,Πάφου,False,34.8767607,32.6315142,ChIJv_x8HoEU5xQRlQLAe8yfaP8,Galataria,Yoğurtçular
6225,Κοιλίνεια,39,17,22,Πάφου,False,34.8838038,32.6311071,ChIJE5gvFIMU5xQROW-KrTBrlN0,Koilineia,Koilineia
6226,Βρέτσια,1,1,0,Πάφου,False,34.8919505,32.6584646,ChIJi-GPksMU5xQRQAxPJLdfSl4,Vretsia,Dağaşan
6227,Στατός-Άγιος Φώτιος,243,106,137,Πάφου,False,34.8908714,32.6100276,ChIJb_gB9m0T5xQRBUiMwyox43s,Statos,Statos
6229,Μαμούνταλη,18,10,8,Πάφου,False,34.9182126,32.6185085,ChIJh4DYu1IT5xQRshEWw5AhtHk,Mamountali,Soğucak
6230,Πάνω Παναγιά,481,234,247,Πάφου,False,34.9183849,32.6312675,ChIJf9rKwU1r5xQRyU-Ox8F7sxE,Pano Panagia,Pano Panagia
6231,Ασπρογιά,60,31,29,Πάφου,False,34.9234331,32.6146158,ChIJgVGdZbJs5xQRcZ2fCcOPj_A,Asprogia,Aktepe
6300,Ψάθι,110,55,55,Πάφου,False,34.8991387,32.5319407,ChIJR3HTRoQN5xQRacgN5RQQev8,Psathi,Psathi
6301,Άγιος Δημητριανός,91,42,49,Πάφου,False,34.9059984,32.5491193,ChIJnV8KDI8S5xQR2BS5dzoY-OI,Agios Dimitrianos,Agios Dimitrianos
6302,Κανναβιού,175,87,88,Πάφου,False,34.9143807,32.5736517,ChIJ8f4S4twS5xQRp6lhuuvb368,Kannaviou,Kannaviou
6303,Θρινιά,55,27,28,Πάφου,False,34.9155537,32.5292338,ChIJTU8OJWUN5xQRxqPxal6ZthY,Thrinia,Thrinia
6304,Μηλιά Πάφου,14,7,7,Πάφου,False,34.9199155,32.5406498,ChIJyZlJr58S5xQRJtX1Dd71t7k,Milia,Milia
6305,Κρίτου Μαρόττου,85,46,39,Πάφου,False,34.9264302,32.5627575,ChIJ90imWcgS5xQRM_YxAlrtldY,Kritou Marottou,Kritou Marottou
6306,Φύτη,150,74,76,Πάφου,False,34.9287321,32.5437806,ChIJVbGq9LES5xQRO6msXd1mRSk,Fyti,Fyti
6307,Λάσα,67,22,45,Πάφου,False,34.9247093,32.5264217,ChIJQWFljWcN5xQRwVSi8jpgL7A,Lasa,Lasa
6308,Δρύμου,110,52,58,Πάφου,False,34.9249699,32.5138505,ChIJQSFGoBQN5xQRigiQCA3XB_c,Drymou,Drymou
6310,Σίμου,185,90,95,Πάφου,False,34.9413377,32.5043632,ChIJo8j2vToN5xQRaRikXzmbvTI,Simou,Simou
6311,Αναδιού,17,9,8,Πάφου,False,34.9441646,32.5655461,ChIJ96o4Jzpt5xQRLt2jTjPcLEs,Anadhiou,Görmeli
6312,Σαραμά,2,2,0,Πάφου,False,34.9564109,32.5293492,ChIJPf0Jd6Vy5xQRp1LucKssDoE,Sarama,Kuşluca
6313,Ευρέτου,3,1,2,Πάφου,False,34.9608642,32.4851742,ChIJt23K4ixz5xQRYVdiqtNAKaQ,Evretou,Dereboyu
6315,Φιλούσα Χρυσοχούς,31,12,19,Πάφου,False,34.9736336,32.5039406,ChIJj_nQYOhy5xQR6-XABiwIfYU,Filousa,Filousa
6318,Μελάδεια,17,9,8,Πάφου,False,34.9882599,32.5059663,ChIJCRuV8PZy5xQRPtHDBTy1Jsc,Meladeia,Malatya
6319,Μελάνδρα,2,2,0,Πάφου,False,34.9891662,32.5252841,ChIJ89aZOGNy5xQRn5pWUfjFWZ0,Melandra,Beşiktepe
6320,Λυσός,205,95,110,Πάφου,False,34.9950847,32.5118457,ChIJSRkPNVxy5xQR6nPsiq1GRVM,Lysos,Lysos
6321,Περιστερώνα Πάφου,302,151,151,Πάφου,False,34.9903928,32.4894814,ChIJh2MszQNz5xQRwiUss6zz4Ps,Peristerona,Peristerona
6330,Θελέτρα,269,130,139,Πάφου,False,34.9097587,32.4506238,ChIJnQdyb3UM5xQREWoBx9hxa_w,Theletra,Theletra
6331,Γιόλου,762,371,391,Πάφου,False,34.9220437,32.4773453,ChIJXeES2_UM5xQRdlM9Zse4O3U,Giolou,Giolou
6332,Πάνω Ακουρδάλεια,44,18,26,Πάφου,False,34.9418405,32.4442421,ChIJAdgmTqEM5xQR7drKQFX2_sM,Pano Akourdaleia,Yukarı Kardali
6333,Μηλιού,89,41,48,Πάφου,False,34.9199155,32.5406498,ChIJyZlJr58S5xQRJtX1Dd71t7k,Milia,Milia
6334,Κάτω Ακουρδάλεια,65,29,36,Πάφου,False,34.9525454,32.4510228,ChIJAdgmTqEM5xQRKye1GFrMOjk,Kato Akourdaleia,Aşağı Kardali
6335,Τέρα,36,16,20,Πάφου,False,34.9665212,32.4252917,ChIJy74U_0cL5xQR4vgrxQbKHFo,Tera,Çakırlar
6336,Κρίτου Τέρα,86,36,50,Πάφου,False,34.9563636,32.4221575,ChIJradWFhUL5xQRdO494BYHcRY,Kritou Tera,Kritou Tera
6337,Σκούλλη,65,29,36,Πάφου,False,34.9805895,32.4511485,ChIJvYg4015z5xQRs9hM8NBQo1c,Skoulli,Skoulli
6338,Χόλη,83,42,41,Πάφου,False,34.9798091,32.4432561,ChIJQxX9Dqh05xQRE-ZA787HjjI,Choli,Choli
6339,Λουκρούνου,4,2,2,Πάφου,False,34.9525261,32.4643859,ChIJOyE2m7kM5xQR7Zz06XYIf6g,Loukrounou,Olukönü
6340,Καραμούλληδες,33,17,16,Πάφου,False,34.9974219,32.4460161,ChIJ48bvnZ105xQRVTqRxje6KG4,Karamoullides,Karamulla
6341,Χρυσοχού,132,61,71,Πάφου,False,35.0028267,32.4415719,ChIJ1eJGl4R05xQRO5RlngWFrjo,Chrysochou,Altıncık
6343,Πόλις Χρυσοχούς,2018,1028,990,Πάφου,True,35.0339441,32.4253751,ChIJG4zmlxR05xQR7lc0vj1h-YQ,Poli Crysochous,Polis Crysochous
6344,Νέο Χωριό Πάφου,519,248,271,Πάφου,False,35.0262351,32.3649403,ChIJea2hkHl15xQRUNiWWiso9y4,Neo Chorio,Neo Chorio
6345,Γουδί,204,96,108,Πάφου,False,34.9917688,32.4422174,ChIJl1_l_6F05xQRPeYa8V0qi6U,Goudi,Goudi
6350,Κάτω Αρόδες,39,18,21,Πάφου,False,34.9402845,32.402483,ChIJ-XNtIKsL5xQRcNp9NnY3k4Y,Kato Arodes,Aşağı Kalkanlı
6351,Πάνω Αρόδες,135,63,72,Πάφου,False,34.9365816,32.4084331,ChIJOXmOpa4L5xQRz8u8YCVxJuI,Pano Arodes,Yukarı Kalkanlı
6352,'Ινεια,385,204,181,Πάφου,False,34.9560179,32.3929482,ChIJqXomLvsK5xQR5cJF_z1rsus,Ineia,Ineia
6353,Δρούσεια,405,205,200,Πάφου,False,34.9627965,32.3975751,ChIJ-7zq4-AK5xQR2vKa6C0aBNo,Drouseia,Drouseia
6355,Ανδρολίκου,34,23,11,Πάφου,False,34.9986703,32.3816437,ChIJBQr6njd15xQRjubkMrKBafM,Androlikou,Gündoğdu
6360,Πελαθούσα,57,29,28,Πάφου,False,35.0274576,32.4755946,ChIJBcAgfsRz5xQRvTz55AITJ5Q,Pelathousa,Karaağaç
6361,Κυνούσα,71,33,38,Πάφου,False,35.0322713,32.5072741,ChIJ7TLMHIlx5xQRHYZZF9C0fvU,Kynousa,Kynousa
6362,Μακούντα,116,68,48,Πάφου,False,35.050278,32.4862995,ChIJD-_WTnFx5xQRKOc-Jl7jBzo,Makounta,Yakacık
6363,Αργάκα,1078,556,522,Πάφου,False,35.0656694,32.4890747,ChIJ6dyG7gdx5xQRGTa8bXJr5_Y,Argaka,Argaka
6364,Γιαλιά,202,103,99,Πάφου,False,35.0959515,32.532579,ChIJI9tyTRBw5xQR108fBLVy6pI,Gialia,Yayla
6365,Αγία Μαρίνα Χρυσοχούς,647,312,335,Πάφου,False,35.119776,32.5132347,ChIJuUSLnLx65xQRhYWEs0TSmAI,Agia Marina Chrysochous,Agia Marina Chrysochous
6366,Νέα Δήμματα,50,26,24,Πάφου,False,35.1352796,32.5216363,ChIJz_RAJdt65xQRoe5ziti3GrU,Nea Dimmata,Nea Dimmata
6367,Πομός,448,233,215,Πάφου,False,35.1611706,32.5455055,ChIJ6SZ72sVk5xQR4oQyXLzAHi8,Pomos,Pomos
6368,Στενή,173,79,94,Πάφου,False,34.9982246,32.4718991,ChIJZ9pLEAtz5xQRKbn9mOItHS8,Steni,Steni
